iter	Passed	Remaining
0	3	2722
1	7	3139
2	12	3451
3	14	2941
4	17	2763
5	22	2927
6	25	2867
7	32	3180
8	68	6056
9	72	5708
10	74	5340
11	75	4962
12	81	4904
13	84	4737
14	85	4473
15	87	4291
16	90	4181
17	92	4003
18	92	3816
19	93	3646
20	102	3792
21	107	3802
22	112	3815
23	132	4292
24	133	4152
25	137	4095
26	142	4092
27	145	4000
28	169	4498
29	170	4363
30	174	4335
31	178	4275
32	179	4164
33	184	4157
34	186	4085
35	192	4079
36	223	4618
37	229	4608
38	232	4546
39	235	4482
40	237	4401
41	238	4308
42	244	4299
43	247	4253
44	290	4881
45	292	4800
46	293	4707
47	298	4683
48	302	4632
49	308	4625
50	313	4608
51	314	4525
52	341	4816
53	343	4741
54	346	4696
55	350	4654
56	354	4615
57	361	4618
58	367	4615
59	368	4542
60	398	4822
61	404	4810
62	435	5094
63	445	5119
64	450	5091
65	454	5056
66	455	4986
67	477	5141
68	485	5144
69	493	5151
70	536	5504
71	544	5502
72	549	5470
73	561	5504
74	572	5532
75	582	5549
76	593	5576
77	603	5589
78	614	5606
79	621	5595
80	626	5565
81	633	5551
82	654	5655
83	665	5675
84	675	5680
85	682	5666
86	695	5701
87	702	5682
88	709	5671
89	716	5655
90	749	5837
91	805	6201
92	818	6223
93	822	6177
94	830	6165
95	834	6122
96	842	6103
97	848	6076
98	857	6074
99	866	6064
100	909	6294
101	938	6424
102	945	6401
103	957	6409
104	986	6532
105	991	6494
106	999	6472
107	1013	6490
108	1025	6504
109	1050	6586
110	1062	6595
111	1068	6562
112	1077	6549
113	1093	6583
114	1107	6594
115	1114	6572
116	1126	6573
117	1133	6549
118	1141	6535
119	1147	6503
120	1155	6483
121	1161	6454
122	1167	6425
123	1172	6394
124	1178	6362
125	1186	6344
126	1191	6312
127	1196	6282
128	1205	6269
129	1217	6275
130	1223	6247
131	1231	6231
132	1240	6222
133	1254	6237
134	1261	6214
135	1280	6254
136	1290	6247
137	1307	6272
138	1315	6255
139	1324	6242
140	1333	6231
141	1341	6216
142	1350	6204
143	1357	6182
144	1364	6164
145	1371	6141
146	1378	6123
147	1384	6098
148	1393	6087
149	1400	6070
150	1407	6050
151	1414	6029
152	1422	6013
153	1446	6068
154	1451	6041
155	1471	6073
156	1479	6060
157	1485	6034
158	1491	6012
159	1498	5994
160	1504	5972
161	1511	5951
162	1518	5935
163	1526	5920
164	1545	5947
165	1552	5929
166	1560	5914
167	1577	5935
168	1584	5917
169	1602	5940
170	1609	5918
171	1615	5899
172	1623	5884
173	1631	5869
174	1642	5864
175	1651	5853
176	1657	5835
177	1665	5820
178	1671	5799
179	1678	5782
180	1685	5764
181	1691	5742
182	1697	5723
183	1703	5701
184	1710	5686
185	1720	5679
186	1728	5666
187	1737	5656
188	1743	5637
189	1749	5616
190	1757	5603
191	1765	5590
192	1771	5572
193	1785	5575
194	1795	5570
195	1802	5553
196	1811	5544
197	1821	5537
198	1828	5522
199	1840	5522
200	1848	5508
201	1854	5491
202	1861	5474
203	1869	5461
204	1876	5446
205	1897	5472
206	1904	5456
207	1910	5438
208	1921	5432
209	1928	5417
210	1937	5409
211	1945	5395
212	1950	5376
213	1957	5360
214	1966	5351
215	1974	5338
216	1980	5320
217	1986	5303
218	1993	5287
219	1998	5269
220	2004	5250
221	2009	5233
222	2016	5216
223	2021	5199
224	2027	5181
225	2033	5164
226	2038	5146
227	2045	5130
228	2051	5114
229	2056	5097
230	2062	5080
231	2068	5064
232	2074	5048
233	2084	5041
234	2090	5025
235	2097	5013
236	2102	4995
237	2110	4982
238	2117	4970
239	2124	4956
240	2131	4944
241	2139	4932
242	2146	4919
243	2150	4901
244	2157	4888
245	2163	4872
246	2170	4858
247	2178	4848
248	2197	4862
249	2207	4857
250	2213	4841
251	2218	4824
252	2226	4814
253	2235	4805
254	2241	4791
255	2247	4775
256	2254	4763
257	2259	4746
258	2264	4729
259	2269	4713
260	2275	4699
261	2282	4686
262	2287	4671
263	2292	4655
264	2298	4639
265	2303	4623
266	2308	4608
267	2314	4593
268	2319	4578
269	2326	4566
270	2333	4554
271	2339	4540
272	2348	4533
273	2354	4519
274	2359	4503
275	2365	4491
276	2371	4477
277	2379	4467
278	2386	4457
279	2392	4442
280	2397	4428
281	2403	4415
282	2409	4401
283	2415	4388
284	2421	4376
285	2430	4367
286	2435	4353
287	2441	4339
288	2449	4331
289	2454	4316
290	2462	4307
291	2469	4297
292	2477	4287
293	2482	4272
294	2490	4262
295	2496	4250
296	2501	4236
297	2509	4226
298	2516	4216
299	2521	4202
300	2527	4190
301	2533	4177
302	2539	4165
303	2546	4154
304	2551	4141
305	2560	4133
306	2567	4123
307	2574	4112
308	2579	4098
309	2584	4085
310	2590	4072
311	2596	4061
312	2605	4053
313	2611	4042
314	2617	4030
315	2625	4021
316	2630	4008
317	2639	4000
318	2644	3988
319	2656	3984
320	2666	3978
321	2675	3971
322	2681	3960
323	2694	3958
324	2700	3947
325	2706	3935
326	2713	3925
327	2727	3925
328	2736	3917
329	2742	3905
330	2752	3900
331	2759	3889
332	2767	3881
333	2774	3871
334	2783	3863
335	2788	3851
336	2794	3838
337	2800	3828
338	2806	3816
339	2812	3805
340	2820	3796
341	2827	3786
342	2832	3774
343	2837	3761
344	2843	3749
345	2849	3738
346	2854	3727
347	2860	3715
348	2867	3705
349	2872	3693
350	2878	3681
351	2882	3668
352	2887	3656
353	2892	3644
354	2898	3632
355	2903	3621
356	2910	3611
357	2924	3610
358	2929	3598
359	2934	3586
360	2939	3574
361	2944	3562
362	2950	3551
363	2957	3542
364	2962	3531
365	2968	3520
366	2976	3511
367	2982	3501
368	2989	3492
369	2995	3480
370	3001	3471
371	3010	3463
372	3015	3451
373	3020	3439
374	3028	3432
375	3033	3420
376	3040	3411
377	3047	3401
378	3052	3390
379	3058	3380
380	3063	3369
381	3069	3358
382	3075	3348
383	3080	3337
384	3087	3327
385	3094	3319
386	3100	3308
387	3106	3298
388	3111	3287
389	3116	3276
390	3121	3265
391	3127	3254
392	3134	3246
393	3141	3237
394	3146	3226
395	3152	3216
396	3157	3205
397	3162	3194
398	3169	3185
399	3175	3175
400	3181	3165
401	3189	3158
402	3194	3147
403	3200	3137
404	3205	3126
405	3210	3115
406	3218	3107
407	3224	3097
408	3230	3087
409	3235	3077
410	3240	3066
411	3245	3056
412	3250	3045
413	3255	3035
414	3260	3024
415	3267	3015
416	3272	3005
417	3278	2995
418	3282	2985
419	3287	2974
420	3294	2965
421	3300	2956
422	3306	2947
423	3313	2938
424	3320	2929
425	3325	2919
426	3330	2909
427	3336	2899
428	3341	2890
429	3347	2880
430	3353	2870
431	3358	2861
432	3364	2851
433	3369	2841
434	3375	2832
435	3380	2822
436	3386	2813
437	3393	2804
438	3399	2795
439	3404	2785
440	3410	2775
441	3415	2766
442	3423	2759
443	3429	2749
444	3435	2740
445	3441	2731
446	3446	2722
447	3451	2712
448	3456	2702
449	3461	2692
450	3467	2682
451	3472	2673
452	3478	2664
453	3484	2655
454	3490	2646
455	3495	2637
456	3501	2628
457	3506	2618
458	3511	2609
459	3517	2600
460	3524	2591
461	3530	2582
462	3535	2573
463	3543	2565
464	3550	2557
465	3555	2548
466	3560	2539
467	3566	2530
468	3572	2521
469	3579	2513
470	3585	2504
471	3592	2496
472	3598	2488
473	3604	2478
474	3609	2469
475	3614	2460
476	3620	2451
477	3625	2442
478	3631	2433
479	3636	2424
480	3640	2414
481	3646	2406
482	3653	2398
483	3661	2390
484	3669	2383
485	3685	2380
486	3694	2374
487	3700	2365
488	3706	2357
489	3713	2349
490	3719	2341
491	3749	2347
492	3758	2340
493	3769	2335
494	3778	2328
495	3789	2322
496	3809	2322
497	3815	2314
498	3823	2306
499	3833	2300
500	3850	2298
501	3885	2306
502	3891	2297
503	3897	2289
504	3903	2280
505	3909	2271
506	3915	2263
507	3924	2255
508	3931	2247
509	3939	2240
510	3977	2249
511	3982	2240
512	3992	2233
513	4000	2225
514	4007	2217
515	4013	2208
516	4021	2201
517	4036	2197
518	4042	2188
519	4048	2180
520	4056	2172
521	4061	2163
522	4084	2163
523	4092	2155
524	4100	2148
525	4119	2146
526	4125	2137
527	4147	2136
528	4158	2130
529	4165	2121
530	4174	2114
531	4181	2106
532	4196	2101
533	4202	2093
534	4208	2084
535	4213	2075
536	4218	2066
537	4230	2060
538	4238	2052
539	4243	2043
540	4250	2034
541	4255	2025
542	4273	2022
543	4280	2014
544	4286	2005
545	4292	1996
546	4300	1988
547	4358	2004
548	4405	2014
549	4417	2007
550	4423	1998
551	4484	2014
552	4540	2027
553	4547	2019
554	4562	2013
555	4568	2004
556	4575	1996
557	4581	1987
558	4624	1993
559	4630	1984
560	4636	1975
561	4641	1965
562	4647	1956
563	4706	1969
564	4711	1959
565	4717	1950
566	4725	1942
567	4732	1932
568	4738	1923
569	4786	1931
570	4795	1923
571	4801	1914
572	4809	1905
573	4817	1896
574	4852	1898
575	4865	1892
576	4885	1888
577	4891	1878
578	4898	1869
579	4959	1881
580	4965	1871
581	4972	1862
582	4978	1853
583	4984	1843
584	4993	1835
585	5033	1838
586	5040	1828
587	5045	1819
588	5060	1812
589	5072	1805
590	5087	1799
591	5092	1789
592	5098	1779
593	5115	1773
594	5121	1764
595	5140	1759
596	5146	1750
597	5189	1752
598	5195	1743
599	5203	1734
600	5209	1724
601	5239	1723
602	5246	1714
603	5252	1704
604	5287	1704
605	5301	1697
606	5306	1687
607	5381	1699
608	5387	1689
609	5393	1680
610	5400	1670
611	5405	1660
612	5412	1650
613	5433	1645
614	5440	1636
615	5448	1627
616	5456	1618
617	5462	1608
618	5469	1599
619	5477	1590
620	5484	1580
621	5491	1571
622	5498	1562
623	5507	1553
624	5515	1544
625	5525	1535
626	5531	1526
627	5539	1517
628	5546	1507
629	5551	1498
630	5557	1488
631	5562	1478
632	5567	1468
633	5576	1459
634	5582	1450
635	5589	1441
636	5596	1432
637	5603	1422
638	5609	1413
639	5614	1403
640	5621	1394
641	5627	1384
642	5642	1377
643	5653	1369
644	5661	1360
645	5669	1351
646	5680	1343
647	5690	1334
648	5697	1325
649	5703	1316
650	5710	1306
651	5717	1297
652	5725	1288
653	5731	1279
654	5737	1270
655	5743	1260
656	5750	1251
657	5761	1243
658	5768	1234
659	5776	1225
660	5785	1216
661	5793	1207
662	5799	1198
663	5809	1189
664	5817	1181
665	5828	1172
666	5836	1163
667	5845	1155
668	5896	1154
669	5902	1145
670	5909	1136
671	5916	1126
672	5980	1128
673	5993	1120
674	5999	1110
675	6008	1102
676	6014	1092
677	6020	1083
678	6077	1082
679	6083	1073
680	6089	1064
681	6096	1054
682	6123	1049
683	6147	1042
684	6158	1033
685	6164	1024
686	6173	1015
687	6179	1005
688	6229	1003
689	6236	994
690	6241	984
691	6250	975
692	6257	966
693	6289	960
694	6299	951
695	6323	944
696	6332	935
697	6466	944
698	6472	935
699	6479	925
700	6490	916
701	6499	907
702	6531	901
703	6560	894
704	6566	884
705	6576	875
706	6582	865
707	6588	856
708	6595	846
709	6605	837
710	6614	828
711	6625	818
712	6635	809
713	6650	800
714	6662	792
715	6688	784
716	6713	777
717	6879	785
718	6885	775
719	6897	766
720	6907	756
721	6912	746
722	7009	746
723	7109	746
724	7117	736
725	7127	726
726	7135	716
727	7280	720
728	7291	710
729	7297	699
730	7307	689
731	7312	679
732	7327	669
733	7333	659
734	7340	649
735	7348	638
736	7355	628
737	7367	618
738	7389	609
739	7395	599
740	7403	589
741	7408	579
742	7418	569
743	7424	558
744	7432	548
745	7439	538
746	7447	528
747	7454	518
748	7461	508
749	7470	498
750	7479	488
751	7485	477
752	7491	467
753	7498	457
754	7504	447
755	7518	437
756	7531	427
757	7539	417
758	7558	408
759	7566	398
760	7573	388
761	7582	378
762	7589	368
763	7600	358
764	7607	348
765	7633	338
766	7639	328
767	7654	318
768	7680	309
769	7686	299
770	7697	289
771	7704	279
772	7716	269
773	7724	259
774	7732	249
775	7738	239
776	7748	229
777	7754	219
778	7765	209
779	7779	199
780	7785	189
781	7795	179
782	7802	169
783	7856	160
