Student_ID,Student_Age,Sex,High_School_Type,Scholarship,Additional_Work,Sports_activity,Transportation,Weekly_Study_Hours,Attendance,Reading,Notes,Listening_in_Class,Project_work,Grade
STUDENT10,19-22,Female,State,50%,No,No,Bus,12,Never,No,Yes,No,No,Fail
STUDENT5,19-22,Male,Private,50%,No,No,Bus,12,Always,Yes,No,Yes,Yes,AA
STUDENT27,19-22,Male,State,50%,No,Yes,Bus,0,Always,Yes,Yes,No,No,AA
STUDENT121,19-22,Female,Private,50%,Yes,Yes,Bus,2,Sometimes,No,No,Yes,Yes,AA
STUDENT126,18,Female,State,100%,Yes,Yes,Private,0,Always,No,Yes,Yes,No,BA
STUDENT17,18,Female,State,100%,No,Yes,Private,0,Always,Yes,No,No,No,AA
STUDENT11,18,Female,Private,50%,No,No,Private,12,Sometimes,No,No,No,Yes,BA
STUDENT119,18,Male,State,100%,No,Yes,Bus,0,Never,No,Yes,No,No,AA
STUDENT61,19-22,Female,State,50%,No,No,Private,12,Sometimes,Yes,6,Yes,No,BA
STUDENT68,19-22,Male,Other,50%,Yes,Yes,Private,12,Always,No,No,No,No,AA
STUDENT99,18,Male,State,75%,No,Yes,Private,0,Never,No,No,No,Yes,DD
STUDENT111,19-22,Male,State,50%,No,No,Private,2,Never,No,Yes,No,Yes,BA
STUDENT98,18,Male,State,75%,Yes,No,Private,0,Always,No,No,Yes,No,DC
STUDENT115,19-22,Female,State,100%,Yes,Yes,Private,8,Always,Yes,Yes,Yes,Yes,BA
STUDENT1,19-22,Male,Other,50%,Yes,No,Private,0,Always,Yes,Yes,No,No,AA
STUDENT66,18,Male,State,50%,No,No,Bus,12,Always,Yes,No,No,No,BA
STUDENT29,23-27,Male,State,50%,No,No,Bus,0,Never,No,No,No,No,BB
STUDENT41,18,Male,Private,50%,No,No,Private,2,Always,Yes,No,Yes,Yes,AA
STUDENT86,18,Male,State,100%,No,No,Private,2,Always,Yes,Yes,Yes,No,CB
STUDENT25,19-22,Male,State,50%,No,No,Private,2,Always,Yes,No,Yes,No,BA
STUDENT26,19-22,Male,State,50%,No,No,Bus,0,Always,No,Yes,No,No,BB
STUDENT24,23-27,Male,State,25%,Yes,Yes,Private,12,Always,Yes,Yes,No,No,AA
STUDENT81,19-22,Female,State,50%,Yes,No,Bus,0,Sometimes,Yes,Yes,Yes,Yes,CB
STUDENT69,19-22,Female,State,75%,Yes,No,Private,0,Always,Yes,No,Yes,No,CC
STUDENT45,19-22,Male,Other,50%,No,No,Bus,0,Always,Yes,Yes,Yes,Yes,AA
STUDENT16,19-22,Male,State,50%,No,No,Private,0,Always,No,Yes,No,Yes,BA
STUDENT97,18,Male,State,75%,No,Yes,Bus,0,Sometimes,No,No,No,No,DD
STUDENT40,19-22,Female,State,50%,No,No,Bus,0,Always,No,Yes,Yes,Yes,AA
STUDENT57,19-22,Male,State,50%,No,Yes,Private,0,Always,Yes,Yes,Yes,No,CC
STUDENT23,19-22,Male,State,50%,Yes,No,Bus,0,Always,Yes,Yes,Yes,No,BB
STUDENT65,19-22,Male,Other,100%,No,No,Private,0,Always,Yes,No,No,Yes,BB
STUDENT82,23-27,Male,State,50%,Yes,No,Private,0,Always,No,Yes,No,No,BB
STUDENT135,18,Female,State,75%,No,Yes,Private,0,Sometimes,No,Yes,Yes,Yes,AA
STUDENT48,19-22,Male,State,50%,No,No,Bus,0,Always,No,Yes,Yes,Yes,BB
STUDENT31,19-22,Male,State,100%,Yes,Yes,Bus,0,Always,No,Yes,Yes,No,CC
STUDENT90,19-22,Male,State,50%,No,No,Private,0,Always,Yes,No,No,No,DC
STUDENT133,18,Female,Private,100%,No,Yes,Private,0,Always,No,Yes,No,No,BB
STUDENT34,19-22,Female,State,50%,Yes,No,Bus,0,Always,Yes,Yes,No,No,BA
STUDENT83,19-22,Male,State,75%,Yes,No,Bus,2,Always,Yes,No,Yes,No,DD
STUDENT94,18,Male,State,,Yes,No,Bus,0,Always,No,Yes,No,No,CB
STUDENT63,19-22,Male,State,50%,No,No,Private,0,Never,No,No,Yes,Yes,BB
STUDENT96,18,Male,Other,100%,Yes,Yes,Bus,0,Sometimes,No,No,No,Yes,CC
STUDENT120,19-22,Female,State,75%,No,Yes,Private,0,Always,No,No,Yes,Yes,BA
STUDENT54,19-22,Female,State,50%,No,Yes,Private,2,Always,Yes,Yes,Yes,No,CC
STUDENT6,19-22,Male,State,50%,No,No,Private,2,Always,Yes,No,Yes,Yes,BA
STUDENT87,19-22,Male,State,75%,No,No,Private,0,Never,No,No,Yes,Yes,CC
STUDENT144,19-22,Female,State,75%,Yes,Yes,Bus,12,Sometimes,No,Yes,No,Yes,CB
STUDENT50,18,Male,Private,75%,No,No,Private,2,Never,Yes,No,Yes,Yes,BA
STUDENT36,18,Male,Private,75%,No,No,Private,12,Always,Yes,Yes,No,No,AA
STUDENT78,18,Male,Private,25%,No,No,Bus,2,Sometimes,No,6,No,Yes,DD
STUDENT35,18,Male,Private,50%,No,No,Bus,2,Always,Yes,No,Yes,No,BA
STUDENT105,18,Female,State,50%,No,No,Private,0,Sometimes,No,Yes,No,Yes,BB
STUDENT8,18,Female,State,50%,Yes,Yes,Bus,2,Sometimes,No,Yes,Yes,Yes,BA
STUDENT44,18,Male,State,50%,No,No,Bus,0,Always,Yes,No,Yes,No,CB
STUDENT71,18,Male,State,75%,No,Yes,Bus,0,Always,Yes,Yes,Yes,Yes,DD
STUDENT114,19-22,Female,Other,50%,No,No,Private,0,Never,No,Yes,No,Yes,AA
STUDENT84,19-22,Male,Other,50%,No,No,Private,12,Always,Yes,Yes,No,Yes,DD
STUDENT125,18,Female,State,75%,Yes,Yes,Bus,0,Always,No,No,Yes,Yes,BB
STUDENT132,18,Female,Private,100%,No,Yes,Private,0,Sometimes,No,Yes,Yes,Yes,CB
STUDENT9,19-22,Female,Other,50%,No,Yes,Bus,0,Always,No,No,No,Yes,CC
STUDENT14,19-22,Female,State,100%,No,No,Private,0,Always,Yes,No,No,Yes,AA
STUDENT110,18,Male,Private,50%,No,Yes,Bus,0,Sometimes,No,Yes,No,Yes,DD
STUDENT116,19-22,Female,State,100%,Yes,No,Bus,0,Always,Yes,Yes,Yes,Yes,AA
STUDENT4,18,Female,Private,50%,Yes,No,Bus,2,Always,No,Yes,No,No,AA
STUDENT18,19-22,Male,State,50%,No,No,Private,0,Always,Yes,No,No,Yes,BA
STUDENT39,19-22,Male,State,100%,No,No,Private,0,Always,Yes,No,Yes,Yes,BA
STUDENT73,18,Male,State,50%,No,Yes,Bus,0,Always,No,Yes,Yes,Yes,DC
STUDENT138,18,Female,Private,100%,No,Yes,Private,0,Always,Yes,No,No,Yes,BA
STUDENT7,18,Male,State,75%,No,No,Private,0,Always,No,Yes,Yes,Yes,CC
STUDENT139,18,Female,State,75%,Yes,Yes,Bus,12,Sometimes,No,No,Yes,Yes,Fail
STUDENT3,19-22,Male,State,50%,No,No,Private,2,Never,No,No,No,Yes,AA
STUDENT124,19-22,Female,Other,50%,No,No,Private,12,Always,Yes,No,No,No,AA
STUDENT55,19-22,Male,State,50%,No,No,Private,12,Never,No,Yes,No,Yes,BB
STUDENT51,19-22,Male,State,50%,No,No,Bus,2,Sometimes,Yes,Yes,Yes,Yes,AA
STUDENT106,18,Male,State,75%,Yes,Yes,Private,0,Always,Yes,No,No,No,DD
STUDENT47,19-22,Male,State,50%,No,No,Bus,0,Always,Yes,Yes,No,No,CC
STUDENT142,18,Female,State,75%,No,No,Private,0,Never,No,Yes,Yes,No,CC
STUDENT62,18,Male,Other,50%,No,Yes,Private,2,Always,No,Yes,Yes,No,CC
STUDENT143,18,Female,Private,75%,No,No,Private,0,Always,Yes,No,No,No,AA
STUDENT80,19-22,Male,State,75%,No,No,Private,0,Always,Yes,Yes,Yes,No,BB
STUDENT123,18,Male,State,100%,No,Yes,Private,0,Always,Yes,No,Yes,Yes,BA
STUDENT92,19-22,Male,State,100%,Yes,Yes,Bus,0,Always,No,Yes,Yes,No,DC
STUDENT42,23-27,Male,State,50%,Yes,No,Private,2,Always,No,Yes,No,Yes,AA
STUDENT59,23-27,Male,State,50%,No,No,Bus,12,Always,Yes,Yes,Yes,No,BB
STUDENT91,19-22,Female,State,50%,No,Yes,Bus,0,Sometimes,No,No,Yes,Yes,DC
STUDENT49,18,Male,State,50%,No,Yes,Bus,0,Always,No,No,Yes,No,AA
STUDENT89,18,Male,State,75%,No,Yes,Bus,0,Always,Yes,Yes,No,Yes,DC
STUDENT128,18,Female,State,75%,No,No,Private,0,Never,No,No,No,Yes,AA
STUDENT22,18,Male,State,100%,No,No,Bus,0,Never,No,No,No,No,AA
STUDENT58,19-22,Male,State,50%,Yes,Yes,Private,0,Always,Yes,Yes,No,No,CB
STUDENT76,18,Male,State,75%,No,Yes,Private,0,Always,No,Yes,No,No,DD
STUDENT33,19-22,Female,State,50%,No,No,Private,2,Always,Yes,No,No,Yes,AA
STUDENT140,18,Female,State,75%,Yes,No,Bus,2,Sometimes,No,No,Yes,Yes,Fail
STUDENT60,19-22,Male,State,50%,No,Yes,Bus,0,Always,Yes,Yes,No,No,CC
STUDENT64,19-22,Male,State,75%,No,No,Bus,2,Always,Yes,Yes,Yes,No,CC
STUDENT130,18,Female,State,50%,Yes,Yes,Private,0,Always,Yes,Yes,Yes,No,BB
STUDENT38,19-22,Male,State,50%,Yes,Yes,Bus,2,Sometimes,No,No,Yes,Yes,AA
STUDENT30,19-22,Male,Other,75%,No,No,Private,0,Never,No,No,Yes,Yes,CC
STUDENT108,18,Female,State,75%,Yes,Yes,Private,0,Always,No,Yes,Yes,No,DC
STUDENT136,19-22,Female,State,50%,Yes,Yes,Private,0,Never,No,No,Yes,Yes,BA
STUDENT2,19-22,Male,Other,50%,Yes,No,Private,0,Always,Yes,No,Yes,Yes,AA
STUDENT53,19-22,Female,State,50%,Yes,No,Private,2,Always,Yes,Yes,Yes,No,AA
STUDENT131,18,Female,State,50%,Yes,Yes,Private,0,Always,Yes,Yes,No,No,AA
STUDENT104,18,Male,Private,75%,No,No,Bus,12,Always,No,Yes,Yes,No,DD
STUDENT100,19-22,Male,State,50%,No,No,Private,0,Never,No,No,No,Yes,DD
STUDENT117,19-22,Female,State,100%,No,No,Private,0,Always,Yes,Yes,Yes,No,AA
STUDENT88,19-22,Male,State,50%,No,Yes,Private,2,Always,Yes,No,No,Yes,DC
STUDENT75,18,Male,State,75%,No,No,Private,0,Always,Yes,No,No,No,DD
STUDENT122,19-22,Female,State,50%,Yes,Yes,Bus,0,Sometimes,Yes,Yes,Yes,No,Fail
STUDENT145,18,Female,Private,100%,No,No,Private,12,Always,Yes,No,Yes,No,BB
STUDENT21,18,Male,State,100%,Yes,No,Bus,0,Never,No,No,Yes,No,AA
STUDENT72,18,Female,Other,75%,No,No,Private,0,Always,No,Yes,Yes,No,DC
STUDENT107,18,Male,State,75%,No,Yes,Private,0,Always,No,No,No,Yes,DD
STUDENT15,23-27,Male,State,75%,Yes,Yes,Private,12,Never,No,No,Yes,Yes,BA
STUDENT93,18,Male,State,50%,No,No,Private,0,Always,Yes,No,No,No,DD
STUDENT103,18,Male,State,50%,No,No,Bus,0,Always,No,No,Yes,Yes,DD
